Views,Name,Time,Title,ID
1542094,LastWeekTonight,15:22,Equifax: Last Week Tonight with John Oliver (HBO),mPjgRKW_Jmk
,BuzzFeedVideo,14:45,,QtVL76gh09U
216108,Seeker,2:31,The U.S. &amp; Russia Are Building a Deep Space Gateway, Here&#39;s What You Need to Know,YicuZ0gYH_o
824036,CrazyRussianHacker,10:29,10 Kitchen Gadgets put to the Test - part 17,h5kbGO3M--4
163602,consumer,2:24,John Oliver - Harvey Weinstein,XPqko6Q0lpE
1681385,Hevesh5,8:33,Spider-Man in 10,000 Dominoes!,Ro3lVeccQqY
1038621,Bruno Mars,2:16,Bruno Mars - Just The Way You Are [ONE VOICE: SOMOS LIVE! Performance],craAcv415FM
7992112,Netflix,2:49,Stranger Things 2 | Final Trailer [HD] | Netflix,R1ZXOOLMJ8s
,Boldly,7:51,,q066h0yUoRA
377543,HellthyJunkFood,4:21,RICK AND MORTY SZECHUAN SAUCE VS HOMEMADE,9gBixJFcSJg
3221113,Safiya Nygaard,13:34,Mixing All My Eyeshadows Together,cmSphKD18uo
609672,CollegeHumor,4:13,Now Is the Time to Do Something,8d2Xw8BaoG8
,BuzzFeedBlue,12:06,,vOkzPTAZ8-E
1253152,Rosanna Pansino,9:31,TRYING $5 HALLOWEEN MAKEUP ft Miranda Sings!,0g2lXo-ZnEk
145029,Tom Scott,3:29,Why California&#39;s Musical Road Sounds Terrible,Ef93WmlEho0
4108596,FilmSelect Trailer,4:34,STAR WARS 8 The Last Jedi Trailer 2 (Extended) 2017,TYRy5bCsWF8
3482355,FilmSelect Trailer,8:51,JUSTICE LEAGUE Final Extended Trailer (2017),RGl7IjSaKhE
30651274,Star Wars,2:35,Star Wars: The Last Jedi Trailer (Official),Q0CbN8sfihY
20365913,Warner Bros. Pictures,3:14,JUSTICE LEAGUE - Official Heroes Trailer,r9-DM9uBtVI
4416275,Movie Raze - Trailers &amp; Movie Clips!,11:25,IT &quot;Behind The Scenes&quot; (2017) Stephen Kings Horror Movie (HD),Olw_Jaqbu38
31912471,Viacom18 Motion Pictures,3:10,Padmavati | Official Trailer | 1st December | Ranveer Singh | Shahid Kapoor | Deepika Padukone,X_5_BLt76c0
2840820,Aaron Fraser-Nash,4:19,Pennywise Sings a Song (Stephen King&#39;s &#39;It&#39; Parody),yB9elf-mecE
17029336,But Without,2:26,IT (2017) TRAILER BUT IT&#39;S THE CAT IN THE HAT,ztxEHtrgTRg
42052067,Star Wars,2:13,Star Wars: The Last Jedi Official Teaser,zB4I68XVPzQ
1127329,Looper,7:08,Everything You Missed In The Last Jedi Trailer,6u9LNN9HwC4
6772115,Legendary,2:24,Pacific Rim Uprising - Official Trailer (HD),fUjicxMPDzs
890440,Star Wars Theory,8:32,Star Wars The Last Jedi Trailer BREAKDOWN In-Depth - Star Wars Explained,cjER1P3b3VQ
6458873,Universal Pictures,2:31,Happy Death Day - Official Trailer - In Theaters Friday The 13th October (HD),ntxS1bBg5o0
982997,Demi Lovato,2:10,Demi Lovato: Simply Complicated - Official Trailer - Coming to YouTube Oct 17th,bpDylTwwunc
7936014,FilmSelect Trailer,5:04,STAR WARS 8: New Clip + Trailer (2017),zcuuwn_wTjg
17694177,Professorlive,8:31,Professor vs Trash Talker 1v1 for $100.. EPIC beach court,75DHx3Z-FbM
5569680,HoopsTube,5:14,Best Streetball Moves Done In The NBA,RzcwR3g5tF0
29057171,Dude Perfect,5:30,Airplane Trick Shots | Dude Perfect,8IQbF0IK-f4
6379485,thenba2013,3:14,Dwight Dunks On 12 Foot Rim - 2009 Slam Dunk Contest (HD),MeJnBytUYZI
16106760,pennyccw,13:45,Michael Jordan last 3 minutes in his FINAL BULLS GAME vs Jazz (1998),530z-_yjdlU
2328469,Ximo Pierto,9:44,Chicago Bulls vs Cleveland Cavaliers - Full Game Highlights | October 10, 2017 | 2017 NBA Preseason,FZRNxMdn2rw
6871075,The Highlight Factory,6:09,Most Savage Moments in Sports History,CD9qdF0KjTE
12708817,JABBAWOCKEEZ OFFICIAL,7:02,JABBAWOCKEEZ at the NBA Finals 2017,Cj3AV92fJ90
5682814,Prime Time Ballers,5:35,NBA MOST SAVAGE MOMENTS OF ALL TIME!,onRVRZCj0l4
3053411,Ace Productions,11:58,NBA Greatest Crowd Reactions of All Time!!!,RBRSBtPQLF0
1089129,Hoop Journey,2:34,Liangelo Ball SHOWING OFF IMPROVED BOUNCE at UCLA Practice in VENICE BEACH!,BNfKUYRqfV8
656273,BallerVisions,10:08,Chino Hills First Game WITHOUT LAMELO! No More LAVAR SYSTEM! Ofure Catches A BODY!,DB_Z1X2kJjs
57020209,Dude Perfect,8:11,World Record Edition | Dude Perfect,gm2_6DX_0Bw
1066229,PressCAPLOCK,3:54,Liangelo Ball SHOWS OFF His New Moves :: Liangelo Ball UCLA Workout,uOOzsdG1jXc
746712,JesserTheLazer,14:23,NBA 2K18 VS BLAKE GRIFFIN + CLIPPERS,ofMH-iZ_Md8
121411547,Music</a></b></span><a href="/watch_videos?more_url=&amp;title=Popular+Music+Videos&amp;type=0&amp;video_ids=J_ub7Etch2U%2C3tmd-ClpJxA%2CiKzRIweSBLA%2Cuo14xGYwWd4%2CPEGccV-NOm8%2CiGk5fR-t5AU%2COrSadmwmmAs%2CNs167_llTiA%2CDlh-dzB2U4Y%2CWrsFXgQk5UI%2CwnJ6LuUFpMo%2CfyaI4-5849w%2CKb24RrHIbFk%2CuXyxFMbqKYA%2CGTexe8c0eqw" class="yt-uix-button shelves-play play-all-icon-btn yt-uix-sessionlink yt-uix-sessionlink yt-uix-button-default yt-uix-button-size-small yt-uix-button-has-icon no-icon-markup" data-sessionlink="itct=CFYQ3BwYACITCJebntmg9tYCFcbznAodnEoHviiOHg"><span class="yt-uix-button-content">Play all</span>,4:25,Sam Smith - Too Good At Goodbyes (Official Video),J_ub7Etch2U
583064374,SamSmithWorldVEVO,4:16,Taylor Swift - Look What You Made Me Do,3tmd-ClpJxA
72163233,TaylorSwiftVEVO,4:24,Ed Sheeran - Perfect [Official Lyric Video],iKzRIweSBLA
98217805,Ed Sheeran,3:38,Gucci Mane - I Get The Bag feat. Migos [Official Music Video],uo14xGYwWd4
238120179,OfficialGucciMane,3:54,Cardi B - Bodak Yellow [OFFICIAL MUSIC VIDEO],PEGccV-NOm8
271822346,Cardi B,6:25,Katy Perry - Swish Swish (Official) ft. Nicki Minaj,iGk5fR-t5AU
73037802,KatyPerryVEVO,5:01,Yo Gotti - Rake It Up ft. Nicki Minaj,OrSadmwmmAs
54169733,yogottiVEVO,2:52,Kodak Black - &quot;TRANSPORTIN&quot; Directed: By Kodak Black,Ns167_llTiA
102532107,Kodak Black,4:00,Kendrick Lamar - LOYALTY. ft. Rihanna,Dlh-dzB2U4Y
71698525,KendrickLamarVEVO,4:17,Lil Uzi Vert - XO Tour Llif3 (Official Music Video),WrsFXgQk5UI
1050218871,LIL UZI VERT,3:06,J Balvin, Willy William - Mi Gente (Official Video),wnJ6LuUFpMo
478033280,jbalvinVEVO,3:36,DJ Khaled - Wild Thoughts ft. Rihanna, Bryson Tiller,fyaI4-5849w
101669973,DJKhaledVEVO,7:00,Logic - 1-800-273-8255 ft. Alessia Cara, Khalid,Kb24RrHIbFk
30951099,LogicVEVO,5:00,Luke Combs - When It Rains It Pours,uXyxFMbqKYA
43139330,LukeCombsVEVO,4:54,Pills &amp; Automobiles (Official Video),GTexe8c0eqw
2776087,ChrisBrownVEVO,5:38,NFL Smartest Plays Of All Time (2017),4nwaQ4CUoV8
30004269,WDB,13:39,Greatest Trick Plays in Football History,Fj8G9dGuNkU
14167214,Jaydon,11:14,10 Knockouts In The NFL - BIG HITS,U1i1hgyjsnY
3398768,Crooked TV,13:12,Best NFL fights of all time,1Uo83-DzC5E
8609311,no life without sport,16:09,Top 10 Hardest Football Knockout Hits,oavayHUI68g
10398480,TheLookin4now,4:33,Top 5 Worst Plays Of All Time | NFL,Q7PANvKO9F0
3924967,Jaydon,8:12,NFL &quot;What Are You Doing?&quot; Moments,GoZCITtz-WI
1414322,HighlightComps,0:52,Jason Witten Picks Up First Down &amp; A Cheerleader,17itN4PgjaM
799993,Brian Z,10:04,The Best Trucks in NFL History,rDLi2vl-2dU
13733685,Savage Brick Sports,5:58,&quot;NFL 2017&quot; — A Bad Lip Reading of the NFL,1w8n0L3uUCE
2419574,Bad Lip Reading,8:08,Chiefs vs. Patriots | NFL Week 1 Game Highlights,6hYFmW18oNA
1217374,NFL,11:37,Eagles vs. Panthers | NFL Week 6 Game Highlights,GFTBl7ELIHc
1931161,NFL,12:32,Packers vs. Cowboys | NFL Week 5 Game Highlights,2ytdOm28qCg
734145,NFL,7:33,Vikings vs. Bears | NFL Week 5 Game Highlights,P_X6hIyqUxA
1086086,NFL,7:57,Chiefs vs. Texans | NFL Week 5 Game Highlights,gN3WTZLSIgY
1197721,NFL,2:16,Stephen&#39;s Interview Of Hannity&#39;s Interview Of Trump,h9ga9lHtcXM
3905295,The Late Show with Stephen Colbert,4:25,Matt Damon Ruins Chris Hemsworth Interview,T6x-kDiQsWM
2438424,Jimmy Kimmel Live,10:23,Harvey Weinstein, Donald Trump and Systemic Sexism: A Closer Look,oKzFGhlFqqE
6312467,Late Night with Seth Meyers,2:09,The New Mutants | Official Trailer [HD] | 20th Century FOX,bu9e410C__I
2400487,20th Century Fox,5:10,The First Humans Teleported | Hannah Stocking &amp; Anwar Jibawi,wULnbo1qtDc
1726474,Hannah Stocking,13:17,Sexiest Male Vocalist Riff-Off w/ Usher &amp; Luke Evans,TYR_7CeO39E
377543,The Late Late Show with James Corden,4:21,RICK AND MORTY SZECHUAN SAUCE VS HOMEMADE,9gBixJFcSJg
,HellthyJunkFood,12:06,,vOkzPTAZ8-E
412125,BuzzFeedBlue,10:37,SALE SECTION ONLY SHOPPING?!,jkrrdsEzi-s
284229,Amber Scholl,16:21,Real or FAKE ANIME?? Pt. 4 - HORROR EDITION! | Thomas Sanders,Tt-a61NG4XY
51336,Thomas Sanders,10:44,Making My Own Halloween Costume! I Tom Daley,lLOEu9p80rE
275840,Tom Daley,0:58,Halloween Flipbook Compilation (Collection by @TheFlippistLibrary on Instagram),pmLk6d33VpY
513201,theflippist,2:31,Russell&#39;s four RBIs lead Cubs to NLCS: 10/12/17,i3-Nf3cxlmg
1212777,MLB,20:48,OFFICIAL HOUSE TOUR!!!!!!!!,c5vSFtnWkDA
1672201,Domo and Crissy,1:09,Fidget spinner spinning in space!,82t9Tk9dUHs
353712,NASA Johnson,14:26,Smart Christian man SCHOOLS Bill Maher,9OF9arQ85VA
1360632,50 Stars,6:23,Russell Brand Eloquently Owns Bill Maher and his Entire Panel,pkFJvHepN2g
2691711,Leo Deki,6:20,Holly and Phillip Meet Samantha the Sex Robot | This Morning,AqokkXoa7uE
100484373,This Morning,6:14,Wheel of Musical Impressions with Ariana Grande,ss9ygQqqL2Q
2424321,The Tonight Show Starring Jimmy Fallon,5:27,White Supremacists, You Won&#39;t Like Your DNA Results,yvS2gjMMXBQ
36220457,The Late Show with Stephen Colbert,5:05,Wheel of Impressions with Kevin Spacey,-kWHMH2kxXs
3783719,The Tonight Show Starring Jimmy Fallon,2:34,Kit Harington’s Epic April Fools Day Prank On Rose Leslie - The Jonathan Ross Show,wmca2wWi1CM
43622112,The Jonathan Ross Show,8:12,Wheel of Musical Impressions with Jamie Foxx,dGidYBqBHVw
7636962,The Tonight Show Starring Jimmy Fallon,6:49,Tinder couple whose 3 years of messages went viral meets for 1st time on &#39;GMA&#39;,bUT6S1xcd98
5212075,Good Morning America,6:54,Andy Serkis Becomes Gollum To Read Trump&#39;s Tweets,64mWOoj68qo
7661335,The Late Show with Stephen Colbert,7:03,eSight on Rachael Ray: Gene Sees for the First Time!,l_4IdXBi8Ik
1814514,eSight,7:20,Tiffany Haddish Took Will &amp; Jada Pinkett Smith on a Groupon Swamp Tour,C2PneBztZ3g
4617271,Jimmy Kimmel Live,12:38,Take A Side, Mr. President: Nazis Or Not Nazis,Q4sCA3QFqT8
2221660,The Late Show with Stephen Colbert,4:49,A Sexy Mom&#39;s Revealing Makeunder | The Oprah Winfrey Show | Oprah Winfrey Network,VXTm7JfiePI
6357972,OWN,16:38,Retando a mis hijos | Caso Cerrado | Telemundo,DI6HLCp5hdM
479477,Caso Cerrado,1:01,Grey Wolf Chases Family in Car,iTRWe2XGEGA
260955,ViralHog,2:58,Crazy Lion Plays Fetch Like a Dog!,5qlSfNVp3fU
296677,Cole and Marmalade,1:41,Abandoned Puppy Beats All the Odds to Survive | The Dodo,GIqhMKlSCgY
200521,The Dodo,1:41,Stray Puppy Befriends Travelers Who Find Him a Home | The Dodo,T2rqOvijMBk
164916,The Dodo,0:59,A very persistent brat,RVSSCN2ts_g
702870,RM Videos,6:07,Spider Cat - Simon&#39;s Cat (Halloween Special) | BRAND NEW B&amp;W,ruTB5jBGXsE
379785,Simon&#39;s Cat,18:53,PUPPIES FIRST BATHTIME!,RE-far-FvRs
488990,VLOGTOWSKI,9:01,Cats Can Be A Real Pain In The Grass - Simon&#39;s Cat | STORYTIME,tp9aQXDFHbY
397943,Simon&#39;s Cat,0:43,Almost 600 Border Collies Gather in Attempt to Break World Record,EmlH7yRKmSY
1921073,Storyful News,7:51,Husky Dog Adopts Stray Cat Saving Her Life | The Dodo: Comeback Kids,1lOd7rDFYbc
734948,The Dodo,1:00,Dog Reunites With Best Friend | The Dodo,83ZrTybo2t4
312289,The Dodo,4:00,9 Things You Need To Know About Kittens - Simon&#39;s Cat | 101,-1fzGnFwz9M
878809,Simon&#39;s Cat,1:56,Scratch Post - Simon&#39;s Cat | BLACK &amp; WHITE,sz-UQfw8Qeg
3342129,Simon&#39;s Cat,1:41,Kittens Swim Up To Fisherman&#39;s Boat Looking for Help | The Dodo,3c4KhoCFxzA
1469313,The Dodo,1:01,Dog advertising a burger bar in China,UzzQlZZpBX4
Views,Dan Wolfe,Time,Title,ID
1142703,Name,16:49,Jimmy Kimmel’s FULL INTERVIEW with David Letterman,2YGrrsKs-Xg
847809,Jimmy Kimmel Live,4:09,What To Do If Your Parachute Fails,dy5xLVx2NGY
606739,austinmcconnell,3:49,The Real Reason Taxes Suck (And Why They Don&#39;t Have To),vGVK4ibMI-Y
1527673,CollegeHumor,8:20,A Boogie Wit Da Hoodie Goes Sneaker Shopping With Complex,mks_6HlK4Kk
1547177,Complex,19:55,CONFRONTING MY FIRST LOVE,_95NxbsbMF4
125282,shane,8:02,Rep. Frederica Wilson Recounts Trump&#39;s Call To Widow Of Fallen Soldier | The View,pcnlLwwR5x4
564467,The View,5:11,MGMT - Little Dark Age,rtL5oMyBHPs
3296676,MGMTVEVO,2:41,The Shield make their entrance together for the first time in three years: Raw, Oct. 16, 2017,Lf50KrdASTI
114524,WWE,1:22,The Voice 2017 - And Your 4th Coach Is… (Digital Exclusive),6cnobaJFY-M
761859,The Voice,6:57,LeBron James and Dwyane Wade exclusive interview with Rachel Nichols | The Jump | ESPN,erjqKQaXgsw
2159030,ESPN,1:18:12,Demi Lovato: Simply Complicated - Official Documentary,ZWTlL_w8cRA
52842,Demi Lovato,2:07,I Love You, Daddy - Trailer,xRQGzS6Ce-g
552515,Trailers Promos Teasers,5:31,How David Fincher Hijacks Your Eyes,GfqD5WqChUY
133656,Nerdwriter1,8:33,Ultimate Pumpkin Carving Tool,xLZoYh-aMm8
,William Osman,13:47,,iv1C0pEdhOg
30407358,Good Mythical Morning,13:39,Greatest Trick Plays in Football History,Fj8G9dGuNkU
3549200,Jaydon,13:12,Best NFL fights of all time,1Uo83-DzC5E
3068566,no life without sport,5:38,NFL Smartest Plays Of All Time (2017),4nwaQ4CUoV8
4258071,WDB,8:12,NFL &quot;What Are You Doing?&quot; Moments,GoZCITtz-WI
10464054,HighlightComps,4:33,Top 5 Worst Plays Of All Time | NFL,Q7PANvKO9F0
8721143,Jaydon,16:09,Top 10 Hardest Football Knockout Hits,oavayHUI68g
3053861,TheLookin4now,6:04,Most INSANE Catches in Football History,QG66hmLAGi8
14223210,Jaydon,11:14,10 Knockouts In The NFL - BIG HITS,U1i1hgyjsnY
1118635,Crooked TV,10:04,The Best Trucks in NFL History,rDLi2vl-2dU
13793877,Savage Brick Sports,5:58,&quot;NFL 2017&quot; — A Bad Lip Reading of the NFL,1w8n0L3uUCE
1495008,Bad Lip Reading,12:10,Rams vs. 49ers | NFL Week 3 Game Highlights,H0okA2gPt_Q
1314519,NFL,11:37,Eagles vs. Panthers | NFL Week 6 Game Highlights,GFTBl7ELIHc
843212,NFL,10:19,Steelers vs. Chiefs | NFL Week 6 Game Highlights,BDg-Yz-rz60
827372,NFL,7:16,Giants vs. Broncos | NFL Week 6 Game Highlights,P9zl2o3zYkQ
1193000,NFL,6:56,Proper Football Etiquette: Please &amp; Thank You Goes a Long Way | NFL Films Presents,VYsRX0B9im0
2817254,NFL Films,6:20,Holly and Phillip Meet Samantha the Sex Robot | This Morning,AqokkXoa7uE
2490064,This Morning,5:27,White Supremacists, You Won&#39;t Like Your DNA Results,yvS2gjMMXBQ
1513064,The Late Show with Stephen Colbert,6:23,Russell Brand Eloquently Owns Bill Maher and his Entire Panel,pkFJvHepN2g
388685,Leo Deki,14:26,Smart Christian man SCHOOLS Bill Maher,9OF9arQ85VA
1067745,50 Stars,4:31,Bill Maher and Mark Cuban Rip Apart Trump&#39;s IQ,5-bOtoSDEvs
4573768,Johnny Anonymous,6:26,Gal Gadot Tries a Reese&#39;s Peanut Butter Cup for the First Time,GTbPlfRS_c4
5659327,The Tonight Show Starring Jimmy Fallon,21:39,Confederacy: Last Week Tonight with John Oliver (HBO),J5b_-TZwQ0I
12405199,LastWeekTonight,5:44,Bill Skarsgård on Playing Pennywise the Clown,0eu3qpDFhjo
43666661,Jimmy Kimmel Live,8:12,Wheel of Musical Impressions with Jamie Foxx,dGidYBqBHVw
2235123,The Tonight Show Starring Jimmy Fallon,4:49,A Sexy Mom&#39;s Revealing Makeunder | The Oprah Winfrey Show | Oprah Winfrey Network,VXTm7JfiePI
7676827,OWN,6:49,Tinder couple whose 3 years of messages went viral meets for 1st time on &#39;GMA&#39;,bUT6S1xcd98
4627998,Good Morning America,12:38,Take A Side, Mr. President: Nazis Or Not Nazis,Q4sCA3QFqT8
1824335,The Late Show with Stephen Colbert,7:20,Tiffany Haddish Took Will &amp; Jada Pinkett Smith on a Groupon Swamp Tour,C2PneBztZ3g
33183277,Jimmy Kimmel Live,4:24,What May Be Driving A 13-Year-Old’s “Out-Of-Control” Behavior,mNe8bDJda0A
7668904,The Dr. Phil Show,7:03,eSight on Rachael Ray: Gene Sees for the First Time!,l_4IdXBi8Ik
6539274,eSight,3:14,Dwight Dunks On 12 Foot Rim - 2009 Slam Dunk Contest (HD),MeJnBytUYZI
6934578,thenba2013,6:09,Most Savage Moments in Sports History,CD9qdF0KjTE
5621041,The Highlight Factory,5:14,Best Streetball Moves Done In The NBA,RzcwR3g5tF0
12825075,HoopsTube,7:02,JABBAWOCKEEZ at the NBA Finals 2017,Cj3AV92fJ90
3129949,JABBAWOCKEEZ OFFICIAL,11:58,NBA Greatest Crowd Reactions of All Time!!!,RBRSBtPQLF0
882240,Ace Productions,3:33,Uh Oh LaMelo Ball is Dunking too Easily Now!,1h05s058Kck
581551,Qwik11Hoops,5:49,Jason Williams SON BREAKS ANKLES!! Jaxon Williams REAL WHITE CHOCOLATE JR!! SHIFTY PG For Montverde!,Qb9HFD8zuAw
29362047,Hoop Journey,5:30,Airplane Trick Shots | Dude Perfect,8IQbF0IK-f4
5724891,Dude Perfect,5:35,NBA MOST SAVAGE MOMENTS OF ALL TIME!,onRVRZCj0l4
860555,Prime Time Ballers,4:12,MICHAEL JORDAN &amp; SCOTTIE PIPPEN 2017 REUNION ! Michael Jordan Flight School Chicago Bulls Highlights,sFnOAoidjVA
3352524,Bay Area HQ,15:22,LaMelo Ball vs Zion Williamson WAS INSANE!! Lonzo Ball, Dame Lillard, OSN &amp; INSANE CROWD Watching!,AQBlbklLhr8
8349293,Ballislife,25:35,Shaqtin&#39; A Fool: All Episodes in 2017 (HD),csOY21AUypE
1146215,NBA2KShow TV,2:34,Liangelo Ball SHOWING OFF IMPROVED BOUNCE at UCLA Practice in VENICE BEACH!,BNfKUYRqfV8
2473064,Hoop Journey,9:44,Chicago Bulls vs Cleveland Cavaliers - Full Game Highlights | October 10, 2017 | 2017 NBA Preseason,FZRNxMdn2rw
1364100,Ximo Pierto,9:28,Cleveland Cavaliers vs Orlando Magic - Full Game Highlights | October 13, 2017 | 2017 NBA Preseason,tpMNgUGwgaw
19348425,Ximo Pierto,4:24,Darci Lynne: Kid Ventriloquist Sings With A Little Help From Her Friends - America&#39;s Got Talent 2017,8ropWor8aAM
38792319,America&#39;s Got Talent,4:25,Darci Lynne: 12-Year-Old Singing Ventriloquist Gets Golden Buzzer - America&#39;s Got Talent 2017,rk_qLtk0m2c
16087104,America&#39;s Got Talent,4:07,Angelica Hale: 9-Year-Old Earns Golden Buzzer From Chris Hardwick - America&#39;s Got Talent 2017,EExwffrNBMg
11086619,America&#39;s Got Talent,3:21,Darci Lynne: Young Ventriloquist Performs Diva Classic - America&#39;s Got Talent 2017,yZm8znUvLHA
38574643,America&#39;s Got Talent,3:34,Celine Tam: 9-Year-Old Stuns Crowd with &quot;My Heart Will Go On&quot; - America&#39;s Got Talent 2017,m0J-BwkQK4A
11678597,America&#39;s Got Talent,3:39,Paul Zerdin: Dummy Still Performs After Ventriloquist Walks Off Stage - America&#39;s Got Talent 2015,me5ihmdlAk4
10622247,America&#39;s Got Talent,5:16,Demian Aditya: Escape Artist Attempts Deadly Performance - America&#39;s Got Talent 2017,NwCjSclxZIo
14598640,America&#39;s Got Talent,11:06,Conor McGregor INSTANT KARMA MMA,L7qJ7fuYGBA
1268285,King Max Productions,1:42,Conor McGregor is in &#39;Call of Duty: Infinite Warfare&#39;,fUezq05xDE0
19392854,UFC ON FOX,2:50,Conor McGregor | Top 5 Knockouts,4mhrWnEJZEU
5359986,Seismic MMA,4:58,Exclusive Conor McGregor Interview after Floyd Mayweather fight,pGzGZR1YuP0
10849222,Conor McGregor,7:29,Conor McGregor Ready for Heavyweight Division (Prank) | Muscle Madness,O-srTvXH5bo
4475970,Muscle Madness,3:33,(FULL) Floyd Mayweather vs. Conor McGregor Weigh-In | ESPN,1HjzcYyx5uY
3358985,ESPN,34:25,Floyd Mayweather vs. Conor McGregor - FULL FIGHT from inside the arena (NEW ANGLE),dwl5Z8UKGVo
3832529,Combat Sports Videos,7:39,ПРАНК! ДВОЙНИК КОНОРА МАКГРЕГОРА! CONOR MCGREGOR DOPPELGANGER (ENG SUBS),8y0K1VA9akM
250668,Islam Badurgov,7:11,If Nate beats Conor McGregor and becomes a champ it&#39;ll be a disrespect to other fighters,Dana on Jon,3q-4ZTpZPCE
18249453,MMA WORLD,11:40,When Conor McGregor Loses Control,DWa9JGp6XLQ
276950,Fight Focus,7:04,Conor McGregor hints at title defense next against Tony Ferguson with cryptic tweet,GSP-Bisping,dkZDIlEhqF0
242863,MMA WORLD,7:54,If Ferguson hangs his chin up high against Conor McGregor he&#39;ll get Sniped,Miesha on Hunt,4XgeUY4QHhw
201231,MMA WORLD,8:32,I&#39;m ready to fight in Dec if Conor McGregor doesn&#39;t unify belts he should walk away,Condit on Tyron,yLhPcJDlrPs
156640,MMA WORLD,7:53,If Conor McGregor is real a champion he should fight Tony Ferguson next,Khabib on Lee,Holm on Cyborg,ECJZd6KSdyM
117480,MMA WORLD,10:40,Miesha Tate: Conor McGregor Beats Tony Ferguson Mentally,ePzMJ_0DuGE
5950526,MMA and More,4:00,Kellywise - SNL,Hlt3rA-oDao
31889204,Saturday Night Live,2:35,Star Wars: The Last Jedi Trailer (Official),Q0CbN8sfihY
1273204,Star Wars,2:16,Stephen&#39;s Interview Of Hannity&#39;s Interview Of Trump,h9ga9lHtcXM
564467,The Late Show with Stephen Colbert,5:11,MGMT - Little Dark Age,rtL5oMyBHPs
114524,MGMTVEVO,1:22,The Voice 2017 - And Your 4th Coach Is… (Digital Exclusive),6cnobaJFY-M
2782959,The Voice,10:23,Harvey Weinstein, Donald Trump and Systemic Sexism: A Closer Look,oKzFGhlFqqE
6630434,Late Night with Seth Meyers,2:09,The New Mutants | Official Trailer [HD] | 20th Century FOX,bu9e410C__I
2159030,20th Century Fox,1:18:12,Demi Lovato: Simply Complicated - Official Documentary,ZWTlL_w8cRA
2682870,Demi Lovato,5:10,The First Humans Teleported | Hannah Stocking &amp; Anwar Jibawi,wULnbo1qtDc
552515,Hannah Stocking,5:31,How David Fincher Hijacks Your Eyes,GfqD5WqChUY
133656,Nerdwriter1,8:33,Ultimate Pumpkin Carving Tool,xLZoYh-aMm8
,William Osman,13:47,,iv1C0pEdhOg
207391,Good Mythical Morning,9:52,Harry Potter Theory: Hufflepuff&#39;s Cup And Slytherin&#39;s Locket (ft. Seamus Gorman),K19NG3mNhKk
463959,SuperCarlinBrothers,10:37,SALE SECTION ONLY SHOPPING?!,jkrrdsEzi-s
520481,Amber Scholl,2:31,Russell&#39;s four RBIs lead Cubs to NLCS: 10/12/17,i3-Nf3cxlmg
4055923,MLB,8:51,JUSTICE LEAGUE Final Extended Trailer (2017),RGl7IjSaKhE
4661496,FilmSelect Trailer,4:34,STAR WARS 8 The Last Jedi Trailer 2 (Extended) 2017,TYRy5bCsWF8
20930148,FilmSelect Trailer,3:14,JUSTICE LEAGUE - Official Heroes Trailer,r9-DM9uBtVI
7011880,Warner Bros. Pictures,2:19,Marvel Studios&#39; Black Panther - Official Trailer,xjDjIWPwcPU
4762324,Marvel Entertainment,11:25,IT &quot;Behind The Scenes&quot; (2017) Stephen Kings Horror Movie (HD),Olw_Jaqbu38
3581914,Movie Raze - Trailers &amp; Movie Clips!,4:19,Pennywise Sings a Song (Stephen King&#39;s &#39;It&#39; Parody),yB9elf-mecE
17179872,Aaron Fraser-Nash,2:26,IT (2017) TRAILER BUT IT&#39;S THE CAT IN THE HAT,ztxEHtrgTRg
1853674,But Without,4:23,BLACK PANTHER Trailer 2 (Extended) Marvel 2018,vt9UZo32KMk
1211142,FilmSelect Trailer,7:08,Everything You Missed In The Last Jedi Trailer,6u9LNN9HwC4
6628747,Looper,2:31,Happy Death Day - Official Trailer - In Theaters Friday The 13th October (HD),ntxS1bBg5o0
1629083,Universal Pictures,3:42,THOR RAGNAROK God of Thunder Trailer NEW (2017) Marvel Superhero Movie HD,uAXYz3AD_6I
1453257,Furious Trailer,2:12,THE NEW MUTANTS Trailer (2018) X-MEN Movie, Blockbuster HD,fh6bhS2Gmjk
24528928,ONE Media,4:51,Star Wars Undercover Boss: Starkiller Base - SNL,FaOSCASqLsE
1271532,Saturday Night Live,2:39,Boo 2! A Madea Halloween Official Trailer #2 (2017) Tyler Perry, Brock O&#39;Hurn Comedy Movie HD,EwRAqEBITuc
963535,Zero Media,5:03,Pennywise Raps a Song (Stephen King&#39;s &#39;It&#39; Parody),V5ii-NNtNqI
,Aaron Fraser-Nash,,,
